{
  "train_size": 31655,
  "test_size": 13567,
  "total_samples": 45222,
  "accuracy": 0.8595120513009509,
  "male_positive_rate": 0.21726416116105274,
  "female_positive_rate": 0.07198892478080296,
  "baseline_disparity": 0.14527523638024978,
  "dml_disparity": 0.1346,
  "causal_ate": 0.1911,
  "disparity_reduction_pct": 7.4,
  "income_positive_pct": 0.2489969988943295,
  "male_count": 21294,
  "female_count": 10361,
  "age_mean": 38.55217185278787,
  "educ_mean": 10.12670984046754,
  "hours_mean": 40.923203285420946,
  "feature_names": [
    "age",
    "workclass",
    "education",
    "education-num",
    "marital-status",
    "occupation",
    "relationship",
    "race",
    "sex",
    "capital-gain",
    "capital-loss",
    "hours-per-week",
    "native-country"
  ],
  "educ_num_scm_coef": 0.697
}